,image/filename,image/height,image/object/bbox/xmax,image/object/bbox/xmin,image/object/bbox/ymax,image/object/bbox/ymin,image/object/class/label,image/object/class/text,image/width,image/format
0,cam_image1.jpg,270,"[0.5416666666666666, 0.5270833333333333, 0.7020833333333333]","[0.36041666666666666, 0.34375, 0.53125]","[0.5074074074074074, 0.9296296296296296, 0.7703703703703704]","[0.08888888888888889, 0.5, 0.35555555555555557]","[4, 4, 2]","['queen', 'queen', 'ten']",480,jpg
1,cam_image10.jpg,540,"[0.7291666666666666, 0.471875]","[0.521875, 0.271875]","[0.6537037037037037, 0.6851851851851852]","[0.21481481481481482, 0.22962962962962963]","[2, 4]","['ten', 'queen']",960,jpg
2,cam_image11.jpg,540,[0.5104166666666666],[0.234375],[0.7333333333333333],[0.17777777777777778],[1],['nine'],960,jpg
3,cam_image12.jpg,540,[0.5833333333333334],[0.3770833333333333],[0.7203703703703703],[0.2759259259259259],[5],['king'],960,jpg
4,cam_image13.jpg,540,[0.5729166666666666],[0.36354166666666665],[0.7185185185185186],[0.26296296296296295],[3],['jack'],960,jpg
5,cam_image14.jpg,540,[0.5333333333333333],[0.309375],[0.7777777777777778],[0.30925925925925923],[3],['jack'],960,jpg
6,cam_image15.jpg,540,[0.6135416666666667],[0.38229166666666664],[0.8462962962962963],[0.3351851851851852],[6],['ace'],960,jpg
7,cam_image16.jpg,540,[0.546875],[0.315625],[0.8444444444444444],[0.28703703703703703],[6],['ace'],960,jpg
8,cam_image17.jpg,540,[0.5697916666666667],[0.32916666666666666],[0.8351851851851851],[0.23148148148148148],[6],['ace'],960,jpg
9,cam_image18.jpg,540,[0.6302083333333334],[0.40625],[0.6759259259259259],[0.15925925925925927],[6],['ace'],960,jpg
10,cam_image19.jpg,540,[0.6020833333333333],[0.371875],[0.7018518518518518],[0.17962962962962964],[3],['jack'],960,jpg
11,cam_image20.jpg,540,[0.5645833333333333],[0.303125],[0.7814814814814814],[0.22037037037037038],[4],['queen'],960,jpg
12,cam_image21.jpg,540,[0.5791666666666667],[0.33229166666666665],[0.6407407407407407],[0.1],[4],['queen'],960,jpg
13,cam_image22.jpg,540,[0.54375],[0.30833333333333335],[0.6851851851851852],[0.17407407407407408],[4],['queen'],960,jpg
14,cam_image23.jpg,540,[0.5385416666666667],[0.29791666666666666],[0.7203703703703703],[0.2],[4],['queen'],960,jpg
15,cam_image24.jpg,540,[0.7135416666666666],[0.4625],[0.7611111111111111],[0.20925925925925926],[5],['king'],960,jpg
16,cam_image25.jpg,540,[0.6083333333333333],[0.34270833333333334],[0.7592592592592593],[0.17407407407407408],[5],['king'],960,jpg
17,cam_image26.jpg,540,[0.6114583333333333],[0.3645833333333333],[0.7092592592592593],[0.1648148148148148],[5],['king'],960,jpg
18,cam_image27.jpg,540,[0.578125],[0.3416666666666667],[0.8148148148148148],[0.26851851851851855],[3],['jack'],960,jpg
19,cam_image28.jpg,540,[0.5229166666666667],[0.2791666666666667],[0.7888888888888889],[0.21296296296296297],[2],['ten'],960,jpg
20,cam_image29.jpg,540,[0.6052083333333333],[0.353125],[0.6962962962962963],[0.1648148148148148],[2],['ten'],960,jpg
21,cam_image3.jpg,540,"[0.49270833333333336, 0.6854166666666667, 0.7020833333333333, 0.5010416666666667]","[0.33958333333333335, 0.5166666666666667, 0.521875, 0.3333333333333333]","[0.5388888888888889, 0.512962962962963, 0.95, 0.9555555555555556]","[0.18333333333333332, 0.16296296296296298, 0.5388888888888889, 0.5462962962962963]","[5, 5, 5, 5]","['king', 'king', 'king', 'king']",960,jpg
22,cam_image30.jpg,540,[0.475],[0.21041666666666667],[0.6370370370370371],[0.08703703703703704],[2],['ten'],960,jpg
23,cam_image31.jpg,540,[0.625],[0.29791666666666666],[0.8092592592592592],[0.1685185185185185],[2],['ten'],960,jpg
24,cam_image32.jpg,540,[0.6395833333333333],[0.40729166666666666],[0.7185185185185186],[0.1814814814814815],[1],['nine'],960,jpg
25,cam_image33.jpg,540,[0.525],[0.29270833333333335],[0.7148148148148148],[0.2074074074074074],[1],['nine'],960,jpg
26,cam_image34.jpg,540,[0.5770833333333333],[0.33645833333333336],[0.7944444444444444],[0.25925925925925924],[1],['nine'],960,jpg
27,cam_image35.jpg,540,"[0.40208333333333335, 0.4041666666666667, 0.6489583333333333, 0.634375]","[0.21354166666666666, 0.196875, 0.43020833333333336, 0.44583333333333336]","[0.42592592592592593, 0.9574074074074074, 0.9740740740740741, 0.42407407407407405]","[0.024074074074074074, 0.4685185185185185, 0.4703703703703704, 0.011111111111111112]","[1, 6, 3, 5]","['nine', 'ace', 'jack', 'king']",960,jpg
28,cam_image36.jpg,540,"[0.4510416666666667, 0.446875, 0.7041666666666667, 0.696875]","[0.2604166666666667, 0.2552083333333333, 0.5052083333333334, 0.5135416666666667]","[0.4222222222222222, 0.9777777777777777, 0.975925925925926, 0.412962962962963]","[0.016666666666666666, 0.5092592592592593, 0.4962962962962963, 0.009259259259259259]","[1, 1, 1, 3]","['nine', 'nine', 'nine', 'jack']",960,jpg
29,cam_image37.jpg,540,"[0.4666666666666667, 0.68125, 0.6802083333333333, 0.46041666666666664]","[0.30520833333333336, 0.5010416666666667, 0.5083333333333333, 0.290625]","[0.45740740740740743, 0.9592592592592593, 0.45555555555555555, 0.9592592592592593]","[0.07592592592592592, 0.5111111111111111, 0.05925925925925926, 0.5185185185185185]","[6, 6, 5, 5]","['ace', 'ace', 'king', 'king']",960,jpg
30,cam_image38.jpg,540,"[0.771875, 0.546875, 0.775, 0.5458333333333333]","[0.5833333333333334, 0.3614583333333333, 0.5739583333333333, 0.35104166666666664]","[0.45925925925925926, 0.46296296296296297, 0.987037037037037, 1.0]","[0.02962962962962963, 0.046296296296296294, 0.5, 0.5203703703703704]","[5, 3, 3, 6]","['king', 'jack', 'jack', 'ace']",960,jpg
31,cam_image39.jpg,540,"[0.5427083333333333, 0.3458333333333333, 0.73125]","[0.36041666666666666, 0.13958333333333334, 0.55625]","[0.7444444444444445, 0.762962962962963, 0.7407407407407407]","[0.29444444444444445, 0.28888888888888886, 0.29259259259259257]","[3, 5, 1]","['jack', 'king', 'nine']",960,jpg
32,cam_image40.jpg,540,"[0.33645833333333336, 0.5427083333333333, 0.7666666666666667]","[0.15833333333333333, 0.3541666666666667, 0.571875]","[0.6685185185185185, 0.6518518518518519, 0.6666666666666666]","[0.22777777777777777, 0.18888888888888888, 0.2037037037037037]","[1, 3, 6]","['nine', 'jack', 'ace']",960,jpg
33,cam_image41.jpg,540,"[0.7229166666666667, 0.5010416666666667, 0.6583333333333333]","[0.5333333333333333, 0.3302083333333333, 0.46458333333333335]","[0.95, 0.9185185185185185, 0.48518518518518516]","[0.5166666666666667, 0.5018518518518519, 0.03518518518518519]","[6, 1, 5]","['ace', 'nine', 'king']",960,jpg
34,cam_image42.jpg,540,"[0.49583333333333335, 0.6791666666666667, 0.8739583333333333]","[0.33125, 0.5239583333333333, 0.7145833333333333]","[0.8074074074074075, 0.8296296296296296, 0.812962962962963]","[0.4222222222222222, 0.46111111111111114, 0.4462962962962963]","[5, 6, 6]","['king', 'ace', 'ace']",960,jpg
35,cam_image43.jpg,540,"[0.7645833333333333, 0.9229166666666667]","[0.59375, 0.7802083333333333]","[0.7851851851851852, 0.7685185185185185]","[0.42592592592592593, 0.43333333333333335]","[3, 3]","['jack', 'jack']",960,jpg
36,cam_image44.jpg,540,"[0.9666666666666667, 0.22291666666666668, 0.484375, 0.7208333333333333]","[0.775, 0.040625, 0.28020833333333334, 0.5177083333333333]","[0.8740740740740741, 0.8111111111111111, 0.8648148148148148, 0.8462962962962963]","[0.3851851851851852, 0.31851851851851853, 0.362962962962963, 0.35]","[1, 1, 6, 5]","['nine', 'nine', 'ace', 'king']",960,jpg
37,cam_image46.jpg,540,"[0.5645833333333333, 0.5697916666666667, 0.37395833333333334, 0.3875]","[0.39375, 0.396875, 0.19375, 0.20520833333333333]","[0.5333333333333333, 0.9777777777777777, 0.5314814814814814, 0.9796296296296296]","[0.10555555555555556, 0.5648148148148148, 0.09814814814814815, 0.5685185185185185]","[6, 6, 5, 3]","['ace', 'ace', 'king', 'jack']",960,jpg
38,cam_image47.jpg,540,"[0.7416666666666667, 0.5145833333333333, 0.71875, 0.5177083333333333]","[0.534375, 0.3, 0.5447916666666667, 0.31875]","[0.4777777777777778, 0.9962962962962963, 0.9685185185185186, 0.48148148148148145]","[0.03148148148148148, 0.5537037037037037, 0.5592592592592592, 0.03333333333333333]","[3, 3, 1, 5]","['jack', 'jack', 'nine', 'king']",960,jpg
39,cam_image48.jpg,540,"[0.8270833333333333, 0.725, 0.41041666666666665, 0.6197916666666666, 0.503125]","[0.6604166666666667, 0.5364583333333334, 0.23229166666666667, 0.421875, 0.3177083333333333]","[0.5185185185185185, 1.0, 0.4981481481481482, 0.5148148148148148, 0.9851851851851852]","[0.10555555555555556, 0.5537037037037037, 0.07777777777777778, 0.05925925925925926, 0.5611111111111111]","[1, 6, 6, 3, 3]","['nine', 'ace', 'ace', 'jack', 'jack']",960,jpg
40,cam_image50.jpg,540,"[0.5395833333333333, 0.7666666666666667, 0.5395833333333333, 0.7635416666666667]","[0.35833333333333334, 0.5645833333333333, 0.353125, 0.5697916666666667]","[0.45925925925925926, 0.9944444444444445, 0.9796296296296296, 0.45555555555555555]","[0.018518518518518517, 0.5166666666666667, 0.5111111111111111, 0.005555555555555556]","[1, 1, 5, 6]","['nine', 'nine', 'king', 'ace']",960,jpg
41,cam_image51.jpg,540,"[0.725, 0.4864583333333333, 0.5395833333333333]","[0.5520833333333334, 0.31666666666666665, 0.346875]","[0.687037037037037, 0.4425925925925926, 0.9796296296296296]","[0.2851851851851852, 0.046296296296296294, 0.5351851851851852]","[3, 3, 5]","['jack', 'jack', 'king']",960,jpg
42,cam_image52.jpg,540,"[0.7395833333333334, 0.546875, 0.6427083333333333]","[0.5677083333333334, 0.3614583333333333, 0.46145833333333336]","[0.4722222222222222, 0.4425925925925926, 0.9685185185185186]","[0.05, 0.024074074074074074, 0.5351851851851852]","[5, 4, 4]","['king', 'queen', 'queen']",960,jpg
43,cam_image54.jpg,540,"[0.5427083333333333, 0.5291666666666667, 0.703125]","[0.36041666666666666, 0.3375, 0.5291666666666667]","[0.5111111111111111, 0.9296296296296296, 0.7703703703703704]","[0.09259259259259259, 0.5055555555555555, 0.3592592592592593]","[4, 4, 2]","['queen', 'queen', 'ten']",960,jpg
44,cam_image9.jpg,540,"[0.3177083333333333, 0.609375]","[0.10729166666666666, 0.3770833333333333]","[0.8111111111111111, 0.8166666666666667]","[0.31296296296296294, 0.2851851851851852]","[1, 4]","['nine', 'queen']",960,jpg
45,IMG_2385.JPG,504,[0.58994708994709],[0.24338624338624337],[0.6904761904761905],[0.3630952380952381],[5],['king'],378,jpg
46,IMG_2386.JPG,504,[0.6640211640211641],[0.28835978835978837],[0.6825396825396826],[0.3273809523809524],[6],['ace'],378,jpg
47,IMG_2388.JPG,504,[0.6031746031746031],[0.18253968253968253],[0.8055555555555556],[0.4365079365079365],[5],['king'],378,jpg
48,IMG_2389.JPG,504,[0.6507936507936508],[0.31216931216931215],[0.7619047619047619],[0.40674603174603174],[6],['ace'],378,jpg
49,IMG_2390.JPG,504,[0.6428571428571429],[0.2804232804232804],[0.7579365079365079],[0.37896825396825395],[6],['ace'],378,jpg
50,IMG_2392.JPG,504,[0.6402116402116402],[0.3412698412698413],[0.6547619047619048],[0.33134920634920634],[1],['nine'],378,jpg
51,IMG_2393.JPG,504,[0.7354497354497355],[0.2857142857142857],[0.748015873015873],[0.2837301587301587],[1],['nine'],378,jpg
52,IMG_2394.JPG,504,[0.6031746031746031],[0.3544973544973545],[0.6984126984126984],[0.4623015873015873],[1],['nine'],378,jpg
53,IMG_2396.JPG,504,[0.671957671957672],[0.3333333333333333],[0.6944444444444444],[0.3412698412698413],[1],['nine'],378,jpg
54,IMG_2397.JPG,504,[0.7037037037037037],[0.3253968253968254],[0.7619047619047619],[0.37896825396825395],[2],['ten'],378,jpg
55,IMG_2398.JPG,504,[0.6984126984126984],[0.30158730158730157],[0.7440476190476191],[0.36507936507936506],[3],['jack'],378,jpg
56,IMG_2399.JPG,504,[0.6666666666666666],[0.29365079365079366],[0.7222222222222222],[0.3373015873015873],[4],['queen'],378,jpg
57,IMG_2400.JPG,504,[0.6455026455026455],[0.24338624338624337],[0.6904761904761905],[0.27976190476190477],[4],['queen'],378,jpg
58,IMG_2401.JPG,504,[0.6587301587301587],[0.2777777777777778],[0.7896825396825397],[0.4126984126984127],[4],['queen'],378,jpg
59,IMG_2402.JPG,504,[0.6666666666666666],[0.3439153439153439],[0.7361111111111112],[0.40674603174603174],[4],['queen'],378,jpg
60,IMG_2404.JPG,504,[0.5687830687830688],[0.3201058201058201],[0.7142857142857143],[0.4523809523809524],[3],['jack'],378,jpg
61,IMG_2405.JPG,504,[0.46296296296296297],[0.21693121693121692],[0.7956349206349206],[0.5476190476190477],[3],['jack'],378,jpg
62,IMG_2406.JPG,504,[0.8227513227513228],[0.5],[0.7281746031746031],[0.4107142857142857],[2],['ten'],378,jpg
63,IMG_2407.JPG,504,[0.6428571428571429],[0.3386243386243386],[0.7083333333333334],[0.3888888888888889],[3],['jack'],378,jpg
64,IMG_2408.JPG,504,[0.7275132275132276],[0.36243386243386244],[0.8154761904761905],[0.4444444444444444],[3],['jack'],378,jpg
65,IMG_2409.JPG,504,[0.4470899470899471],[0.19576719576719576],[0.8511904761904762],[0.5853174603174603],[2],['ten'],378,jpg
66,IMG_2410.JPG,504,[0.626984126984127],[0.2751322751322751],[0.7380952380952381],[0.3869047619047619],[2],['ten'],378,jpg
67,IMG_2411.JPG,504,[0.8465608465608465],[0.4417989417989418],[0.8234126984126984],[0.4027777777777778],[3],['jack'],378,jpg
68,IMG_2412.JPG,504,[0.5423280423280423],[0.10582010582010581],[0.6805555555555556],[0.24206349206349206],[2],['ten'],378,jpg
69,IMG_2413.JPG,504,[0.7116402116402116],[0.21428571428571427],[0.8630952380952381],[0.35119047619047616],[1],['nine'],378,jpg
70,IMG_2414.JPG,504,[0.8518518518518519],[0.2724867724867725],[0.8650793650793651],[0.25396825396825395],[1],['nine'],378,jpg
71,IMG_2415.JPG,504,[0.5211640211640212],[0.11904761904761904],[0.8095238095238095],[0.4027777777777778],[1],['nine'],378,jpg
72,IMG_2416.JPG,504,[0.7698412698412699],[0.2857142857142857],[0.8055555555555556],[0.3253968253968254],[2],['ten'],378,jpg
73,IMG_2417.JPG,504,[0.7566137566137566],[0.12433862433862433],[0.8611111111111112],[0.29563492063492064],[1],['nine'],378,jpg
74,IMG_2418.JPG,504,[0.6402116402116402],[0.328042328042328],[0.5634920634920635],[0.25],[6],['ace'],378,jpg
75,IMG_2419.JPG,504,[0.8333333333333334],[0.31216931216931215],[0.8234126984126984],[0.2837301587301587],[4],['queen'],378,jpg
76,IMG_2420.JPG,504,[0.6058201058201058],[0.18253968253968253],[0.7896825396825397],[0.3412698412698413],[6],['ace'],378,jpg
77,IMG_2421.JPG,504,[0.41534391534391535],[0.0873015873015873],[0.878968253968254],[0.5436507936507936],[5],['king'],378,jpg
78,IMG_2422.JPG,504,[0.7037037037037037],[0.25132275132275134],[0.8551587301587301],[0.38293650793650796],[4],['queen'],378,jpg
79,IMG_2423.JPG,504,[0.7698412698412699],[0.46296296296296297],[0.4742063492063492],[0.17063492063492064],[6],['ace'],378,jpg
80,IMG_2424.JPG,504,[0.4444444444444444],[0.18253968253968253],[0.7301587301587301],[0.46825396825396826],[6],['ace'],378,jpg
81,IMG_2425.JPG,504,[0.843915343915344],[0.544973544973545],[0.5396825396825397],[0.23214285714285715],[5],['king'],378,jpg
82,IMG_2426.JPG,504,[0.6190476190476191],[0.31216931216931215],[0.8988095238095238],[0.5595238095238095],[4],['queen'],378,jpg
83,IMG_2427.JPG,504,[0.5105820105820106],[0.1984126984126984],[0.8095238095238095],[0.4861111111111111],[4],['queen'],378,jpg
84,IMG_2428.JPG,504,[0.6481481481481481],[0.35978835978835977],[0.6924603174603174],[0.40674603174603174],[3],['jack'],378,jpg
85,IMG_2429.JPG,504,[0.5396825396825397],[0.23544973544973544],[0.7599206349206349],[0.4603174603174603],[5],['king'],378,jpg
86,IMG_2430.JPG,504,[0.5185185185185185],[0.23015873015873015],[0.8591269841269841],[0.5634920634920635],[5],['king'],378,jpg
87,IMG_2431.JPG,504,[0.5185185185185185],[0.15608465608465608],[0.7242063492063492],[0.4305555555555556],[3],['jack'],378,jpg
88,IMG_2434.JPG,504,[0.746031746031746],[0.3201058201058201],[0.9305555555555556],[0.6924603174603174],[6],['ace'],378,jpg
89,IMG_2437.JPG,504,[0.7037037037037037],[0.2671957671957672],[0.7162698412698413],[0.4781746031746032],[2],['ten'],378,jpg
90,IMG_2439.JPG,504,[0.43386243386243384],[0.0873015873015873],[0.8134920634920635],[0.5],[5],['king'],378,jpg
91,IMG_2441.JPG,504,[0.8306878306878307],[0.3333333333333333],[0.8174603174603174],[0.42658730158730157],[4],['queen'],378,jpg
92,IMG_2442.JPG,504,[0.7619047619047619],[0.30423280423280424],[0.39880952380952384],[0.06349206349206349],[5],['king'],378,jpg
93,IMG_2443.JPG,504,[0.8809523809523809],[0.5502645502645502],[0.8690476190476191],[0.5297619047619048],[3],['jack'],378,jpg
94,IMG_2445.JPG,504,[0.8465608465608465],[0.4312169312169312],[0.753968253968254],[0.4444444444444444],[4],['queen'],378,jpg
95,IMG_2446.JPG,504,[0.7592592592592593],[0.2962962962962963],[0.7242063492063492],[0.3948412698412698],[6],['ace'],378,jpg
96,IMG_2447.JPG,504,[0.671957671957672],[0.37566137566137564],[0.6349206349206349],[0.4603174603174603],[6],['ace'],378,jpg
97,IMG_2448.JPG,504,[0.753968253968254],[0.41534391534391535],[0.5158730158730159],[0.24603174603174602],[6],['ace'],378,jpg
98,IMG_2449.JPG,504,[0.6772486772486772],[0.3386243386243386],[0.8551587301587301],[0.6488095238095238],[1],['nine'],378,jpg
99,IMG_2450.JPG,504,[0.6111111111111112],[0.28835978835978837],[0.8273809523809523],[0.5674603174603174],[5],['king'],378,jpg
100,IMG_2451.JPG,504,[0.7486772486772487],[0.29365079365079366],[0.748015873015873],[0.3392857142857143],[2],['ten'],378,jpg
101,IMG_2452.JPG,504,[0.8306878306878307],[0.5185185185185185],[0.5833333333333334],[0.3253968253968254],[1],['nine'],378,jpg
102,IMG_2453.JPG,504,[0.4708994708994709],[0.16666666666666666],[0.7103174603174603],[0.42658730158730157],[4],['queen'],378,jpg
103,IMG_2454.JPG,504,[0.626984126984127],[0.3492063492063492],[0.6964285714285714],[0.3968253968253968],[1],['nine'],378,jpg
104,IMG_2455.JPG,504,[0.5634920634920635],[0.0873015873015873],[0.5654761904761905],[0.22420634920634921],[3],['jack'],378,jpg
105,IMG_2456.JPG,504,[0.5291005291005291],[0.10846560846560846],[0.6746031746031746],[0.3412698412698413],[2],['ten'],378,jpg
106,IMG_2457.JPG,504,[0.6984126984126984],[0.3412698412698413],[0.7361111111111112],[0.4146825396825397],[3],['jack'],378,jpg
107,IMG_2458.JPG,504,[0.701058201058201],[0.3333333333333333],[0.7242063492063492],[0.3968253968253968],[1],['nine'],378,jpg
108,IMG_2459.JPG,504,[0.5767195767195767],[0.24338624338624337],[0.7242063492063492],[0.4166666666666667],[1],['nine'],378,jpg
109,IMG_2460.JPG,504,[0.4947089947089947],[0.1746031746031746],[0.7658730158730159],[0.4603174603174603],[4],['queen'],378,jpg
110,IMG_2462.JPG,504,[0.7751322751322751],[0.42857142857142855],[0.7718253968253969],[0.40476190476190477],[2],['ten'],378,jpg
111,IMG_2464.JPG,504,[0.4603174603174603],[0.07142857142857142],[0.5178571428571429],[0.16865079365079366],[5],['king'],378,jpg
112,IMG_2465.JPG,504,[0.455026455026455],[0.07142857142857142],[0.5238095238095238],[0.1765873015873016],[5],['king'],378,jpg
113,IMG_2466.JPG,504,[0.58994708994709],[0.21428571428571427],[0.9503968253968254],[0.5436507936507936],[2],['ten'],378,jpg
114,IMG_2467.JPG,504,[0.5952380952380952],[0.21693121693121692],[0.9563492063492064],[0.5416666666666666],[2],['ten'],378,jpg
115,IMG_2468.JPG,504,[0.9232804232804233],[0.4523809523809524],[0.6349206349206349],[0.39087301587301587],[3],['jack'],378,jpg
116,IMG_2469.JPG,504,[0.9232804232804233],[0.46296296296296297],[0.6329365079365079],[0.39285714285714285],[3],['jack'],378,jpg
117,IMG_2471.JPG,504,[0.671957671957672],[0.2619047619047619],[0.7777777777777778],[0.3630952380952381],[1],['nine'],378,jpg
118,IMG_2472.JPG,504,[0.656084656084656],[0.2566137566137566],[0.7757936507936508],[0.3630952380952381],[1],['nine'],378,jpg
119,IMG_2473.JPG,504,[0.5846560846560847],[0.10052910052910052],[0.8253968253968254],[0.5535714285714286],[6],['ace'],378,jpg
120,IMG_2474.JPG,504,[0.58994708994709],[0.09788359788359788],[0.8214285714285714],[0.5496031746031746],[6],['ace'],378,jpg
121,IMG_2475.JPG,504,[0.708994708994709],[0.291005291005291],[0.9543650793650794],[0.5119047619047619],[6],['ace'],378,jpg
122,IMG_2477.JPG,504,[0.5661375661375662],[0.17195767195767195],[0.8174603174603174],[0.44047619047619047],[4],['queen'],378,jpg
123,IMG_2478.JPG,504,[0.7619047619047619],[0.21957671957671956],[0.8571428571428571],[0.4623015873015873],[2],['ten'],378,jpg
124,IMG_2480.JPG,504,[0.8783068783068783],[0.1455026455026455],[0.7182539682539683],[0.17857142857142858],[5],['king'],378,jpg
125,IMG_2481.JPG,504,[0.48148148148148145],[0.07671957671957672],[0.6408730158730159],[0.35912698412698413],[3],['jack'],378,jpg
126,IMG_2483.JPG,504,[0.873015873015873],[0.35978835978835977],[0.7698412698412699],[0.37103174603174605],[5],['king'],378,jpg
127,IMG_2484.JPG,504,[0.5793650793650794],[0.21164021164021163],[0.6746031746031746],[0.31547619047619047],[4],['queen'],378,jpg
128,IMG_2486.JPG,504,[0.41534391534391535],[0.04497354497354497],[0.8035714285714286],[0.5099206349206349],[5],['king'],378,jpg
129,IMG_2487.JPG,504,[0.4417989417989418],[0.11375661375661375],[0.8075396825396826],[0.6349206349206349],[2],['ten'],378,jpg
130,IMG_2488.JPG,504,[0.36243386243386244],[0.1349206349206349],[0.873015873015873],[0.6428571428571429],[4],['queen'],378,jpg
131,IMG_2489.JPG,504,[0.8571428571428571],[0.47619047619047616],[0.7876984126984127],[0.40476190476190477],[4],['queen'],378,jpg
132,IMG_2490.JPG,504,[0.8201058201058201],[0.5317460317460317],[0.7361111111111112],[0.4781746031746032],[3],['jack'],378,jpg
133,IMG_2491.JPG,504,[0.34656084656084657],[0.05555555555555555],[0.7837301587301587],[0.49603174603174605],[1],['nine'],378,jpg
134,IMG_2492.JPG,504,[0.544973544973545],[0.14814814814814814],[0.9206349206349206],[0.6011904761904762],[6],['ace'],378,jpg
135,IMG_2493.JPG,504,[0.5],[0.10846560846560846],[0.5376984126984127],[0.30158730158730157],[2],['ten'],378,jpg
136,IMG_2494.JPG,504,[0.6878306878306878],[0.28835978835978837],[0.9305555555555556],[0.5892857142857143],[5],['king'],378,jpg
137,IMG_2495.JPG,504,[0.5873015873015873],[0.10582010582010581],[0.4781746031746032],[0.21428571428571427],[2],['ten'],378,jpg
138,IMG_2496.JPG,504,[0.40476190476190477],[0.005291005291005291],[0.4623015873015873],[0.1984126984126984],[1],['nine'],378,jpg
139,IMG_2497.JPG,504,[0.746031746031746],[0.42328042328042326],[0.7837301587301587],[0.48214285714285715],[4],['queen'],378,jpg
140,IMG_2498.JPG,504,[0.8306878306878307],[0.5105820105820106],[0.7043650793650794],[0.4305555555555556],[3],['jack'],378,jpg
141,IMG_2499.JPG,504,[0.5423280423280423],[0.15873015873015872],[0.7281746031746031],[0.41865079365079366],[4],['queen'],378,jpg
142,IMG_2500.JPG,504,[0.9285714285714286],[0.6746031746031746],[0.6547619047619048],[0.3948412698412698],[6],['ace'],378,jpg
143,IMG_2501.JPG,504,[0.701058201058201],[0.4312169312169312],[0.38095238095238093],[0.08531746031746032],[3],['jack'],378,jpg
144,IMG_2502.JPG,504,[0.6931216931216931],[0.21164021164021163],[0.7579365079365079],[0.37103174603174605],[6],['ace'],378,jpg
145,IMG_2503.JPG,504,[0.6772486772486772],[0.25396825396825395],[0.6626984126984127],[0.42063492063492064],[6],['ace'],378,jpg
146,IMG_2504.JPG,504,[0.753968253968254],[0.3968253968253968],[0.8809523809523809],[0.5376984126984127],[1],['nine'],378,jpg
147,IMG_2505.JPG,504,[0.7063492063492064],[0.3994708994708995],[0.7242063492063492],[0.3630952380952381],[2],['ten'],378,jpg
148,IMG_2506.JPG,504,[0.7962962962962963],[0.3386243386243386],[0.751984126984127],[0.4226190476190476],[1],['nine'],378,jpg
149,IMG_2507.JPG,504,[0.3544973544973545],[0.06613756613756613],[0.6448412698412699],[0.38492063492063494],[5],['king'],378,jpg
150,IMG_2508.JPG,504,[0.8835978835978836],[0.49206349206349204],[0.8353174603174603],[0.5575396825396826],[3],['jack'],378,jpg
151,IMG_2509.JPG,504,[0.5873015873015873],[0.25132275132275134],[0.7420634920634921],[0.48214285714285715],[5],['king'],378,jpg
152,IMG_2511.JPG,504,[0.4444444444444444],[0.0582010582010582],[0.7638888888888888],[0.46825396825396826],[1],['nine'],378,jpg
153,IMG_2512.JPG,504,[0.9365079365079365],[0.5846560846560847],[0.7182539682539683],[0.4861111111111111],[6],['ace'],378,jpg
154,IMG_2513.JPG,504,[0.6904761904761905],[0.2698412698412698],[0.7599206349206349],[0.3392857142857143],[3],['jack'],378,jpg
155,IMG_2514.JPG,504,[0.7857142857142857],[0.47619047619047616],[0.4246031746031746],[0.10912698412698413],[4],['queen'],378,jpg
156,IMG_2515.JPG,504,[0.5978835978835979],[0.14814814814814814],[0.7321428571428571],[0.3412698412698413],[3],['jack'],378,jpg
157,IMG_2516.JPG,504,[0.7962962962962963],[0.3492063492063492],[0.748015873015873],[0.3611111111111111],[1],['nine'],378,jpg
158,IMG_2517.JPG,504,[0.6666666666666666],[0.2328042328042328],[0.8571428571428571],[0.5853174603174603],[6],['ace'],378,jpg
159,IMG_2518.JPG,504,[0.6058201058201058],[0.1746031746031746],[0.6666666666666666],[0.2896825396825397],[5],['king'],378,jpg
160,IMG_2519.JPG,504,[0.6164021164021164],[0.10317460317460317],[0.8968253968253969],[0.42658730158730157],[1],['nine'],378,jpg
161,IMG_2520.JPG,504,[0.7724867724867724],[0.38095238095238093],[0.8630952380952381],[0.38492063492063494],[2],['ten'],378,jpg
162,IMG_2521.JPG,504,[0.3253968253968254],[0.047619047619047616],[0.7222222222222222],[0.4365079365079365],[5],['king'],378,jpg
163,IMG_2522.JPG,504,[0.6322751322751323],[0.25132275132275134],[0.48412698412698413],[0.24206349206349206],[2],['ten'],378,jpg
164,IMG_2523.JPG,504,[0.7063492063492064],[0.3888888888888889],[0.6448412698412699],[0.4087301587301587],[6],['ace'],378,jpg
165,IMG_2524.JPG,504,[0.6481481481481481],[0.19047619047619047],[0.8134920634920635],[0.4126984126984127],[2],['ten'],378,jpg
166,IMG_2525.JPG,504,[0.843915343915344],[0.5052910052910053],[0.7619047619047619],[0.44642857142857145],[5],['king'],378,jpg
167,IMG_2526.JPG,504,[0.5740740740740741],[0.1455026455026455],[0.6329365079365079],[0.39880952380952384],[4],['queen'],378,jpg
168,IMG_2527.JPG,504,[0.6296296296296297],[0.11904761904761904],[0.42857142857142855],[0.13293650793650794],[3],['jack'],378,jpg
169,IMG_2528.JPG,504,[0.6455026455026455],[0.09788359788359788],[0.5456349206349206],[0.17857142857142858],[1],['nine'],378,jpg
170,IMG_2529.JPG,504,[0.701058201058201],[0.4656084656084656],[0.9384920634920635],[0.6130952380952381],[2],['ten'],378,jpg
171,IMG_2533.JPG,504,[0.955026455026455],[0.6111111111111112],[0.8988095238095238],[0.5912698412698413],[4],['queen'],378,jpg
172,IMG_2535.JPG,504,[0.5396825396825397],[0.2830687830687831],[0.8293650793650794],[0.43253968253968256],[2],['ten'],378,jpg
173,IMG_2536.JPG,504,[0.58994708994709],[0.29365079365079366],[0.38492063492063494],[0.22817460317460317],[5],['king'],378,jpg
174,IMG_2537.JPG,504,[0.7962962962962963],[0.3915343915343915],[0.5912698412698413],[0.36904761904761907],[2],['ten'],378,jpg
175,IMG_2538.JPG,504,[0.8042328042328042],[0.3862433862433862],[0.6567460317460317],[0.3392857142857143],[1],['nine'],378,jpg
176,IMG_2542.JPG,504,[0.5978835978835979],[0.37566137566137564],[0.7400793650793651],[0.35714285714285715],[6],['ace'],378,jpg
177,IMG_2543.JPG,504,[0.7936507936507936],[0.3201058201058201],[0.49206349206349204],[0.14087301587301587],[5],['king'],378,jpg
178,IMG_2545.JPG,504,[0.7857142857142857],[0.5105820105820106],[0.6150793650793651],[0.3373015873015873],[2],['ten'],378,jpg
179,IMG_2546.JPG,504,[0.6349206349206349],[0.335978835978836],[0.6984126984126984],[0.4246031746031746],[6],['ace'],378,jpg
180,IMG_2548.JPG,504,[0.42857142857142855],[0.20105820105820105],[0.8353174603174603],[0.36507936507936506],[3],['jack'],378,jpg
181,IMG_2549.JPG,504,[0.6137566137566137],[0.018518518518518517],[0.7857142857142857],[0.5317460317460317],[3],['jack'],378,jpg
182,IMG_2552.JPG,504,[0.716931216931217],[0.24338624338624337],[0.7619047619047619],[0.2361111111111111],[6],['ace'],378,jpg
183,IMG_2553.JPG,504,[0.6428571428571429],[0.3386243386243386],[0.8531746031746031],[0.4861111111111111],[3],['jack'],378,jpg
184,IMG_2556.JPG,504,[0.5317460317460317],[0.19576719576719576],[0.7658730158730159],[0.3869047619047619],[4],['queen'],378,jpg
185,IMG_2558.JPG,504,"[0.41534391534391535, 0.8783068783068783, 0.91005291005291, 0.5079365079365079]","[0.10317460317460317, 0.5714285714285714, 0.6111111111111112, 0.2037037037037037]","[0.42063492063492064, 0.4146825396825397, 0.8015873015873016, 0.871031746031746]","[0.24801587301587302, 0.2400793650793651, 0.6408730158730159, 0.7023809523809523]","[2, 2, 6, 5]","['ten', 'ten', 'ace', 'king']",378,jpg
186,IMG_2559.JPG,504,"[0.8756613756613757, 0.9126984126984127, 0.48148148148148145, 0.42063492063492064]","[0.5925925925925926, 0.5476190476190477, 0.1164021164021164, 0.16137566137566137]","[0.40674603174603174, 0.8174603174603174, 0.5892857142857143, 0.9206349206349206]","[0.1527777777777778, 0.5714285714285714, 0.3412698412698413, 0.6785714285714286]","[5, 4, 2, 1]","['king', 'queen', 'ten', 'nine']",378,jpg
187,IMG_2562.JPG,504,"[0.8465608465608465, 0.4470899470899471, 0.41534391534391535, 0.9259259259259259]","[0.46296296296296297, 0.1111111111111111, 0.06349206349206349, 0.5502645502645502]","[0.3611111111111111, 0.3869047619047619, 0.5892857142857143, 0.6706349206349206]","[0.13095238095238096, 0.0873015873015873, 0.3888888888888889, 0.376984126984127]","[5, 5, 4, 2]","['king', 'king', 'queen', 'ten']",378,jpg
188,IMG_2563.JPG,504,"[0.4603174603174603, 1.0, 0.9232804232804233, 0.5423280423280423]","[0.1455026455026455, 0.6666666666666666, 0.5767195767195767, 0.10317460317460317]","[0.5099206349206349, 0.9345238095238095, 0.621031746031746, 0.9206349206349206]","[0.21626984126984128, 0.621031746031746, 0.3134920634920635, 0.6329365079365079]","[6, 6, 5, 1]","['ace', 'ace', 'king', 'nine']",378,jpg
189,IMG_2565.JPG,504,"[0.8677248677248677, 0.4470899470899471, 0.8915343915343915, 0.5026455026455027]","[0.5423280423280423, 0.11904761904761904, 0.5555555555555556, 0.21693121693121692]","[0.751984126984127, 0.5773809523809523, 0.376984126984127, 0.875]","[0.49404761904761907, 0.3412698412698413, 0.1349206349206349, 0.626984126984127]","[1, 2, 4, 5]","['nine', 'ten', 'queen', 'king']",378,jpg
190,IMG_2566.JPG,504,"[0.8544973544973545, 0.6613756613756614, 0.40476190476190477, 0.49206349206349204]","[0.671957671957672, 0.4576719576719577, 0.1402116402116402, 0.2777777777777778]","[0.5595238095238095, 0.7420634920634921, 0.7321428571428571, 0.49603174603174605]","[0.37896825396825395, 0.5515873015873016, 0.5714285714285714, 0.29365079365079366]","[1, 3, 2, 4]","['nine', 'jack', 'ten', 'queen']",378,jpg
191,IMG_2567.JPG,504,"[0.701058201058201, 0.9576719576719577, 0.3253968253968254, 0.5317460317460317]","[0.3835978835978836, 0.626984126984127, 0.0291005291005291, 0.3148148148148148]","[0.5119047619047619, 0.753968253968254, 0.628968253968254, 0.8452380952380952]","[0.2619047619047619, 0.5119047619047619, 0.37896825396825395, 0.625]","[1, 3, 3, 6]","['nine', 'jack', 'jack', 'ace']",378,jpg
192,IMG_2569.JPG,504,"[0.40476190476190477, 0.7433862433862434, 0.6243386243386243, 0.43386243386243384]","[0.1455026455026455, 0.47883597883597884, 0.41534391534391535, 0.24867724867724866]","[0.49007936507936506, 0.38095238095238093, 0.6051587301587301, 0.6805555555555556]","[0.2757936507936508, 0.16468253968253968, 0.4107142857142857, 0.501984126984127]","[6, 3, 3, 3]","['ace', 'jack', 'jack', 'jack']",378,jpg
193,IMG_2570.JPG,504,"[0.91005291005291, 0.6005291005291006, 0.4656084656084656]","[0.5185185185185185, 0.29365079365079366, 0.07142857142857142]","[0.7400793650793651, 0.44841269841269843, 0.8849206349206349]","[0.4861111111111111, 0.11507936507936507, 0.503968253968254]","[4, 2, 1]","['queen', 'ten', 'nine']",378,jpg
194,IMG_2572.JPG,504,"[0.8015873015873016, 1.0, 0.42328042328042326]","[0.3835978835978836, 0.6904761904761905, 0.09259259259259259]","[0.44642857142857145, 0.8630952380952381, 0.6984126984126984]","[0.1349206349206349, 0.5793650793650794, 0.4146825396825397]","[2, 5, 5]","['ten', 'king', 'king']",378,jpg
195,IMG_2574.JPG,504,"[0.8412698412698413, 0.6031746031746031]","[0.4021164021164021, 0.06349206349206349]","[0.5099206349206349, 0.8392857142857143]","[0.25, 0.4503968253968254]","[1, 3]","['nine', 'jack']",378,jpg
196,IMG_2576.JPG,504,"[0.8968253968253969, 0.4523809523809524]","[0.4470899470899471, 0.11375661375661375]","[0.75, 0.7817460317460317]","[0.36507936507936506, 0.4007936507936508]","[4, 1]","['queen', 'nine']",378,jpg
197,IMG_2577.JPG,504,"[0.8783068783068783, 0.7380952380952381, 0.4894179894179894, 0.2777777777777778]","[0.6243386243386243, 0.34656084656084657, 0.2037037037037037, 0.0026455026455026454]","[0.6567460317460317, 0.4007936507936508, 0.6388888888888888, 0.3888888888888889]","[0.40674603174603174, 0.061507936507936505, 0.36706349206349204, 0.12896825396825398]","[5, 3, 2, 6]","['king', 'jack', 'ten', 'ace']",378,jpg
198,IMG_2578.JPG,504,"[0.37037037037037035, 0.6243386243386243, 0.5291005291005291, 0.9047619047619048]","[0.04497354497354497, 0.373015873015873, 0.21428571428571427, 0.6878306878306878]","[0.3611111111111111, 0.3869047619047619, 0.7202380952380952, 0.6111111111111112]","[0.037698412698412696, 0.11706349206349206, 0.46825396825396826, 0.34325396825396826]","[4, 5, 5, 4]","['queen', 'king', 'king', 'queen']",378,jpg
199,IMG_2579.JPG,504,"[0.7962962962962963, 0.43915343915343913, 0.7698412698412699, 0.5105820105820106]","[0.47883597883597884, 0.18783068783068782, 0.544973544973545, 0.20899470899470898]","[0.5198412698412699, 0.5555555555555556, 0.7658730158730159, 0.7738095238095238]","[0.3373015873015873, 0.32936507936507936, 0.5416666666666666, 0.5833333333333334]","[2, 2, 3, 3]","['ten', 'ten', 'jack', 'jack']",378,jpg
200,IMG_2581.JPG,504,"[0.49206349206349204, 0.7063492063492064, 0.7751322751322751]","[0.1111111111111111, 0.30158730158730157, 0.46825396825396826]","[0.5773809523809523, 0.4246031746031746, 0.7142857142857143]","[0.3055555555555556, 0.13293650793650794, 0.4166666666666667]","[3, 1, 2]","['jack', 'nine', 'ten']",378,jpg
201,IMG_2582.JPG,504,"[0.4894179894179894, 0.41005291005291006, 0.9206349206349206]","[0.24338624338624337, 0.1402116402116402, 0.6216931216931217]","[0.7281746031746031, 0.4503968253968254, 0.4444444444444444]","[0.503968253968254, 0.2003968253968254, 0.26785714285714285]","[6, 6, 4]","['ace', 'ace', 'queen']",378,jpg
202,IMG_2584.JPG,504,"[0.9497354497354498, 0.701058201058201, 0.29365079365079366, 0.5423280423280423]","[0.6534391534391535, 0.3968253968253968, 0.06878306878306878, 0.25132275132275134]","[0.6666666666666666, 0.30753968253968256, 0.5158730158730159, 0.7916666666666666]","[0.49603174603174605, 0.06746031746031746, 0.30357142857142855, 0.6369047619047619]","[4, 2, 2, 3]","['queen', 'ten', 'ten', 'jack']",378,jpg
203,IMG_2586.JPG,504,"[0.9523809523809523, 0.5608465608465608, 0.31746031746031744, 0.36772486772486773]","[0.6851851851851852, 0.30158730158730157, 0.13227513227513227, 0.11375661375661375]","[0.7043650793650794, 0.2003968253968254, 0.41865079365079366, 0.7420634920634921]","[0.5396825396825397, 0.08333333333333333, 0.2757936507936508, 0.5992063492063492]","[4, 4, 2, 5]","['queen', 'queen', 'ten', 'king']",378,jpg
204,IMG_2587.JPG,504,"[0.9470899470899471, 0.31746031746031744, 0.30158730158730157, 0.8756613756613757]","[0.7301587301587301, 0.13227513227513227, 0.1164021164021164, 0.6984126984126984]","[0.4384920634920635, 0.44642857142857145, 0.7281746031746031, 0.7638888888888888]","[0.23214285714285715, 0.2619047619047619, 0.5396825396825397, 0.5873015873015873]","[5, 6, 6, 1]","['king', 'ace', 'ace', 'nine']",378,jpg
205,IMG_2588.JPG,504,"[0.6772486772486772, 0.42592592592592593, 0.3941798941798942, 1.0]","[0.2777777777777778, 0.026455026455026454, 0.015873015873015872, 0.716931216931217]","[0.6527777777777778, 0.9940476190476191, 0.4007936507936508, 0.6468253968253969]","[0.32142857142857145, 0.7420634920634921, 0.11507936507936507, 0.36904761904761907]","[1, 6, 5, 5]","['nine', 'ace', 'king', 'king']",378,jpg
206,IMG_2589.JPG,504,"[0.7142857142857143, 0.4523809523809524, 0.32275132275132273, 0.9629629629629629]","[0.36507936507936506, 0.21693121693121692, 0.04497354497354497, 0.6058201058201058]","[0.6428571428571429, 0.9186507936507936, 0.5753968253968254, 0.3888888888888889]","[0.4107142857142857, 0.6746031746031746, 0.32936507936507936, 0.13293650793650794]","[5, 5, 3, 1]","['king', 'king', 'jack', 'nine']",378,jpg
207,IMG_2590.JPG,504,"[0.7301587301587301, 0.42063492063492064, 0.5714285714285714, 0.8783068783068783]","[0.4894179894179894, 0.07671957671957672, 0.21957671957671956, 0.5]","[0.42658730158730157, 0.873015873015873, 0.5337301587301587, 0.8253968253968254]","[0.1765873015873016, 0.6587301587301587, 0.2837301587301587, 0.5734126984126984]","[1, 1, 3, 4]","['nine', 'nine', 'jack', 'queen']",378,jpg
208,IMG_2593.JPG,504,"[0.7063492063492064, 0.9417989417989417, 0.7566137566137566, 0.48412698412698413]","[0.31216931216931215, 0.5476190476190477, 0.38095238095238093, 0.0873015873015873]","[0.8591269841269841, 0.7043650793650794, 0.49404761904761907, 0.6408730158730159]","[0.5634920634920635, 0.41865079365079366, 0.19444444444444445, 0.38293650793650796]","[4, 2, 2, 6]","['queen', 'ten', 'ten', 'ace']",378,jpg
209,IMG_2596.JPG,504,"[0.6428571428571429, 0.41534391534391535]","[0.4074074074074074, 0.2962962962962963]","[0.5, 0.503968253968254]","[0.24801587301587302, 0.25595238095238093]","[1, 4]","['nine', 'queen']",378,jpg
210,IMG_2597.JPG,504,"[0.4947089947089947, 0.8386243386243386]","[0.21164021164021163, 0.32275132275132273]","[0.8412698412698413, 0.9246031746031746]","[0.4583333333333333, 0.47619047619047616]","[4, 3]","['queen', 'jack']",378,jpg
211,IMG_2599.JPG,504,"[0.8386243386243386, 0.3968253968253968]","[0.3941798941798942, 0.1931216931216931]","[0.9166666666666666, 0.8988095238095238]","[0.4503968253968254, 0.4384920634920635]","[3, 5]","['jack', 'king']",378,jpg
212,IMG_2601.JPG,504,"[0.8068783068783069, 0.3941798941798942]","[0.3783068783068783, 0.21428571428571427]","[0.8234126984126984, 0.8055555555555556]","[0.376984126984127, 0.34523809523809523]","[2, 4]","['ten', 'queen']",378,jpg
213,IMG_2602.JPG,504,"[0.798941798941799, 0.3941798941798942]","[0.31216931216931215, 0.16137566137566137]","[0.8908730158730159, 0.8650793650793651]","[0.40674603174603174, 0.4087301587301587]","[3, 2]","['jack', 'ten']",378,jpg
214,IMG_2603.JPG,504,"[0.9841269841269841, 0.5740740740740741, 0.3439153439153439]","[0.5529100529100529, 0.30158730158730157, 0.05026455026455026]","[0.8134920634920635, 0.8055555555555556, 0.8154761904761905]","[0.4126984126984127, 0.4007936507936508, 0.42063492063492064]","[5, 2, 6]","['king', 'ten', 'ace']",378,jpg
215,IMG_2605.JPG,504,"[0.8227513227513228, 0.455026455026455]","[0.31216931216931215, 0.19576719576719576]","[0.8234126984126984, 0.7817460317460317]","[0.35714285714285715, 0.376984126984127]","[5, 2]","['king', 'ten']",378,jpg
216,IMG_2607.JPG,504,"[0.4894179894179894, 0.46825396825396826, 0.9761904761904762, 0.873015873015873]","[0.16666666666666666, 0.07936507936507936, 0.6481481481481481, 0.5132275132275133]","[1.0, 0.6904761904761905, 0.5615079365079365, 0.26587301587301587]","[0.6746031746031746, 0.4027777777777778, 0.2777777777777778, 0.03571428571428571]","[2, 3, 4, 1]","['ten', 'jack', 'queen', 'nine']",378,jpg
217,IMG_2608.JPG,504,"[0.6164021164021164, 0.8941798941798942, 0.9682539682539683, 0.46296296296296297]","[0.2037037037037037, 0.46296296296296297, 0.5079365079365079, 0.0026455026455026454]","[0.251984126984127, 0.9801587301587301, 0.5714285714285714, 0.6488095238095238]","[0.003968253968253968, 0.5952380952380952, 0.27976190476190477, 0.30357142857142855]","[1, 6, 5, 4]","['nine', 'ace', 'king', 'queen']",378,jpg
218,IMG_2609.JPG,504,"[0.46296296296296297, 0.6640211640211641, 1.0, 0.8042328042328042]","[0.0026455026455026454, 0.2857142857142857, 0.5502645502645502, 0.4656084656084656]","[0.6369047619047619, 0.9722222222222222, 0.5595238095238095, 0.2261904761904762]","[0.23809523809523808, 0.5952380952380952, 0.19444444444444445, 0.001984126984126984]","[5, 6, 3, 2]","['king', 'ace', 'jack', 'ten']",378,jpg
219,IMG_2610.JPG,504,"[0.4973544973544973, 1.0, 0.8862433862433863, 0.42063492063492064, 0.7592592592592593]","[0.14814814814814814, 0.8174603174603174, 0.4444444444444444, 0.10582010582010581, 0.41005291005291006]","[0.9861111111111112, 0.31547619047619047, 0.6527777777777778, 0.3273809523809524, 0.18452380952380953]","[0.6388888888888888, 0.041666666666666664, 0.2857142857142857, 0.04563492063492063, 0.001984126984126984]","[3, 3, 5, 1, 4]","['jack', 'jack', 'king', 'nine', 'queen']",378,jpg
220,IMG_2611.JPG,504,"[1.0, 1.0, 0.5396825396825397, 0.582010582010582, 0.5211640211640212]","[0.7777777777777778, 0.7486772486772487, 0.07936507936507936, 0.13227513227513227, 0.08465608465608465]","[0.7083333333333334, 0.4126984126984127, 1.0, 0.9087301587301587, 0.5376984126984127]","[0.4583333333333333, 0.16865079365079366, 0.878968253968254, 0.5238095238095238, 0.2400793650793651]","[6, 1, 3, 2, 2]","['ace', 'nine', 'jack', 'ten', 'ten']",378,jpg
221,IMG_2612.JPG,504,"[0.4894179894179894, 0.5582010582010583, 0.5343915343915344, 1.0, 0.9074074074074074]","[0.11904761904761904, 0.11375661375661375, 0.13227513227513227, 0.7751322751322751, 0.4947089947089947]","[0.2123015873015873, 0.8809523809523809, 0.45634920634920634, 0.5932539682539683, 0.9563492063492064]","[0.001984126984126984, 0.5555555555555556, 0.2361111111111111, 0.376984126984127, 0.5992063492063492]","[1, 1, 6, 6, 4]","['nine', 'nine', 'ace', 'ace', 'queen']",378,jpg
222,IMG_2613.JPG,504,"[1.0, 0.4576719576719577, 0.6878306878306878, 0.7407407407407407]","[0.798941798941799, 0.03968253968253968, 0.16137566137566137, 0.2724867724867725]","[0.7916666666666666, 0.6607142857142857, 1.0, 0.2698412698412698]","[0.5059523809523809, 0.2876984126984127, 0.6428571428571429, 0.001984126984126984]","[4, 4, 3, 6]","['queen', 'queen', 'jack', 'ace']",378,jpg
223,IMG_2614.JPG,504,"[0.8121693121693122, 0.6216931216931217, 0.582010582010582, 0.9338624338624338, 1.0]","[0.40476190476190477, 0.20634920634920634, 0.12169312169312169, 0.5, 0.7962962962962963]","[0.2261904761904762, 0.4742063492063492, 1.0, 0.7996031746031746, 0.5773809523809523]","[0.001984126984126984, 0.2003968253968254, 0.628968253968254, 0.5119047619047619, 0.3472222222222222]","[6, 4, 4, 5, 2]","['ace', 'queen', 'queen', 'king', 'ten']",378,jpg
224,IMG_2615.JPG,504,"[0.6349206349206349, 0.18783068783068782, 0.2566137566137566, 0.6825396825396826]","[0.17989417989417988, 0.0026455026455026454, 0.0026455026455026454, 0.2777777777777778]","[0.9642857142857143, 0.9047619047619048, 0.46825396825396826, 0.30952380952380953]","[0.5476190476190477, 0.5734126984126984, 0.08531746031746032, 0.005952380952380952]","[2, 5, 4, 6]","['ten', 'king', 'queen', 'ace']",378,jpg
225,IMG_2616.JPG,504,"[0.8968253968253969, 0.4523809523809524, 0.3333333333333333, 0.3783068783068783, 0.47883597883597884]","[0.6243386243386243, 0.3333333333333333, 0.042328042328042326, 0.10317460317460317, 0.36772486772486773]","[0.6468253968253969, 0.40674603174603174, 0.40674603174603174, 0.8650793650793651, 0.8650793650793651]","[0.36507936507936506, 0.10912698412698413, 0.10515873015873016, 0.5853174603174603, 0.5833333333333334]","[1, 1, 4, 2, 3]","['nine', 'nine', 'queen', 'ten', 'jack']",378,jpg
226,IMG_2617.JPG,504,"[0.6058201058201058, 0.7936507936507936]","[0.16666666666666666, 0.5925925925925926]","[0.7142857142857143, 0.6904761904761905]","[0.25793650793650796, 0.24206349206349206]","[1, 6]","['nine', 'ace']",378,jpg
227,IMG_2618.JPG,504,"[0.8994708994708994, 0.8571428571428571]","[0.2777777777777778, 0.2777777777777778]","[0.49404761904761907, 0.6448412698412699]","[0.16071428571428573, 0.4861111111111111]","[2, 5]","['ten', 'king']",378,jpg
228,IMG_2619.JPG,504,"[0.9126984126984127, 0.7063492063492064]","[0.7037037037037037, 0.24603174603174602]","[0.5892857142857143, 0.5992063492063492]","[0.09325396825396826, 0.09523809523809523]","[2, 4]","['ten', 'queen']",378,jpg
229,IMG_2620.JPG,504,"[0.7407407407407407, 0.9232804232804233]","[0.25396825396825395, 0.7063492063492064]","[0.6746031746031746, 0.6825396825396826]","[0.18253968253968253, 0.18253968253968253]","[6, 3]","['ace', 'jack']",378,jpg
230,IMG_2621.JPG,504,"[0.5370370370370371, 0.8994708994708994, 0.8968253968253969, 0.5767195767195767]","[0.1455026455026455, 0.6084656084656085, 0.5714285714285714, 0.1402116402116402]","[0.7023809523809523, 0.8928571428571429, 0.5376984126984127, 0.4246031746031746]","[0.4880952380952381, 0.5952380952380952, 0.21626984126984128, 0.06547619047619048]","[3, 5, 6, 4]","['jack', 'king', 'ace', 'queen']",378,jpg
231,IMG_2622.JPG,504,"[0.5582010582010583, 0.746031746031746]","[0.10846560846560846, 0.5317460317460317]","[0.9305555555555556, 0.8968253968253969]","[0.45634920634920634, 0.42658730158730157]","[2, 5]","['ten', 'king']",378,jpg
232,IMG_2623.JPG,504,"[0.5740740740740741, 0.8201058201058201]","[0.15079365079365079, 0.5687830687830688]","[0.5218253968253969, 0.5198412698412699]","[0.03968253968253968, 0.03571428571428571]","[6, 3]","['ace', 'jack']",378,jpg
233,IMG_2624.JPG,504,"[0.873015873015873, 0.8227513227513228, 0.5476190476190477]","[0.46825396825396826, 0.5238095238095238, 0.3862433862433862]","[0.8253968253968254, 0.5059523809523809, 0.5257936507936508]","[0.6051587301587301, 0.2003968253968254, 0.23015873015873015]","[5, 1, 4]","['king', 'nine', 'queen']",378,jpg
234,IMG_2626.JPG,504,"[0.5238095238095238, 0.6878306878306878, 0.9523809523809523]","[0.07671957671957672, 0.42328042328042326, 0.6534391534391535]","[0.4742063492063492, 0.503968253968254, 0.503968253968254]","[0.06349206349206349, 0.1488095238095238, 0.10119047619047619]","[5, 6, 2]","['king', 'ace', 'ten']",378,jpg
235,IMG_2627.JPG,504,"[0.7142857142857143, 0.9047619047619048]","[0.037037037037037035, 0.4074074074074074]","[0.7976190476190477, 0.6865079365079365]","[0.25, 0.23214285714285715]","[5, 4]","['king', 'queen']",378,jpg
236,IMG_2628.JPG,504,"[0.701058201058201, 0.9656084656084656]","[0.09259259259259259, 0.5370370370370371]","[0.6904761904761905, 0.6924603174603174]","[0.1765873015873016, 0.1984126984126984]","[4, 5]","['queen', 'king']",378,jpg
237,IMG_2629.JPG,504,"[0.6904761904761905, 0.8862433862433863]","[0.14814814814814814, 0.5343915343915344]","[0.5694444444444444, 0.5694444444444444]","[0.05555555555555555, 0.03571428571428571]","[6, 1]","['ace', 'nine']",378,jpg
238,IMG_2630.JPG,504,"[0.7645502645502645, 0.9338624338624338]","[0.23809523809523808, 0.46825396825396826]","[0.6011904761904762, 0.4444444444444444]","[0.18055555555555555, 0.0873015873015873]","[6, 2]","['ace', 'ten']",378,jpg
239,IMG_2631.JPG,504,"[0.7962962962962963, 0.58994708994709]","[0.5476190476190477, 0.17989417989417988]","[0.8194444444444444, 0.8531746031746031]","[0.4166666666666667, 0.4642857142857143]","[2, 4]","['ten', 'queen']",378,jpg
240,IMG_2632.JPG,504,"[0.6507936507936508, 0.8492063492063492]","[0.29894179894179895, 0.6296296296296297]","[0.4642857142857143, 0.46825396825396826]","[0.10119047619047619, 0.09325396825396826]","[1, 1]","['nine', 'nine']",378,jpg
241,IMG_2633.JPG,504,"[0.7063492063492064, 0.5291005291005291]","[0.4656084656084656, 0.06878306878306878]","[0.6507936507936508, 0.6547619047619048]","[0.2222222222222222, 0.19047619047619047]","[1, 3]","['nine', 'jack']",378,jpg
242,IMG_2635.JPG,504,"[0.4947089947089947, 0.7222222222222222, 0.9074074074074074]","[0.06878306878306878, 0.40476190476190477, 0.6878306878306878]","[0.5119047619047619, 0.5158730158730159, 0.48412698412698413]","[0.08531746031746032, 0.10714285714285714, 0.07142857142857142]","[4, 5, 6]","['queen', 'king', 'ace']",378,jpg
243,IMG_2637.JPG,504,"[0.9523809523809523, 0.544973544973545, 0.42592592592592593]","[0.48148148148148145, 0.010582010582010581, 0.0026455026455026454]","[0.8472222222222222, 0.30357142857142855, 0.8134920634920635]","[0.4146825396825397, 0.003968253968253968, 0.3531746031746032]","[5, 4, 2]","['king', 'queen', 'ten']",378,jpg
244,IMG_2638.JPG,504,"[0.5661375661375662, 0.6137566137566137, 0.9285714285714286]","[0.0026455026455026454, 0.1746031746031746, 0.291005291005291]","[0.7301587301587301, 0.8571428571428571, 1.0]","[0.25, 0.4126984126984127, 0.5416666666666666]","[3, 6, 5]","['jack', 'ace', 'king']",378,jpg
245,IMG_2641.JPG,504,"[0.7301587301587301, 0.9417989417989417]","[0.23809523809523808, 0.6904761904761905]","[0.7420634920634921, 0.6924603174603174]","[0.21626984126984128, 0.18055555555555555]","[1, 6]","['nine', 'ace']",378,jpg
246,IMG_2642.JPG,504,"[0.9708994708994709, 0.14814814814814814, 0.48412698412698413, 0.8915343915343915]","[0.6613756613756614, 0.0026455026455026454, 0.19047619047619047, 0.4603174603174603]","[0.875, 0.19444444444444445, 0.9246031746031746, 0.5734126984126984]","[0.5734126984126984, 0.001984126984126984, 0.628968253968254, 0.21626984126984128]","[6, 6, 2, 2]","['ace', 'ace', 'ten', 'ten']",378,jpg
247,IMG_2643.JPG,504,"[0.7328042328042328, 0.3783068783068783, 1.0]","[0.3492063492063492, 0.0026455026455026454, 0.5238095238095238]","[0.6706349206349206, 0.46825396825396826, 0.35912698412698413]","[0.31547619047619047, 0.0873015873015873, 0.001984126984126984]","[1, 5, 3]","['nine', 'king', 'jack']",378,jpg
248,IMG_2644.JPG,504,"[0.49206349206349204, 0.6481481481481481, 0.8809523809523809]","[0.07142857142857142, 0.25132275132275134, 0.5185185185185185]","[0.8373015873015873, 0.44642857142857145, 0.8095238095238095]","[0.45634920634920634, 0.07738095238095238, 0.4642857142857143]","[1, 1, 2]","['nine', 'nine', 'ten']",378,jpg
249,IMG_2645.JPG,504,"[0.8386243386243386, 0.7857142857142857]","[0.2857142857142857, 0.21957671957671956]","[0.9007936507936508, 0.3531746031746032]","[0.46825396825396826, 0.001984126984126984]","[5, 4]","['king', 'queen']",378,jpg
250,IMG_2648.JPG,504,"[0.8544973544973545, 0.6587301587301587, 0.5026455026455027]","[0.6534391534391535, 0.47619047619047616, 0.07936507936507936]","[0.8075396825396826, 0.8234126984126984, 0.8273809523809523]","[0.39087301587301587, 0.38492063492063494, 0.4007936507936508]","[4, 2, 6]","['queen', 'ten', 'ace']",378,jpg
251,IMG_2649.JPG,504,"[0.5370370370370371, 0.6984126984126984, 0.8835978835978836]","[0.22486772486772486, 0.5238095238095238, 0.6878306878306878]","[0.5099206349206349, 0.5138888888888888, 0.5099206349206349]","[0.1746031746031746, 0.18452380952380953, 0.18055555555555555]","[1, 3, 3]","['nine', 'jack', 'jack']",378,jpg
252,IMG_2650.JPG,504,"[0.7433862433862434, 0.5079365079365079, 0.9444444444444444]","[0.47883597883597884, 0.08465608465608465, 0.701058201058201]","[0.8234126984126984, 0.8472222222222222, 0.8134920634920635]","[0.4027777777777778, 0.4107142857142857, 0.38293650793650796]","[3, 6, 4]","['jack', 'ace', 'queen']",378,jpg
253,IMG_2652.JPG,504,"[0.6031746031746031, 0.8571428571428571]","[0.15079365079365079, 0.5952380952380952]","[0.7222222222222222, 0.7083333333333334]","[0.2619047619047619, 0.2361111111111111]","[3, 2]","['jack', 'ten']",378,jpg
254,IMG_2653.JPG,504,"[0.6957671957671958, 0.91005291005291]","[0.20899470899470898, 0.6534391534391535]","[0.7678571428571429, 0.7559523809523809]","[0.2837301587301587, 0.27976190476190477]","[4, 5]","['queen', 'king']",378,jpg
255,IMG_2655.JPG,504,"[0.7301587301587301, 0.5211640211640212, 0.9523809523809523]","[0.5079365079365079, 0.14814814814814814, 0.7037037037037037]","[0.503968253968254, 0.5119047619047619, 0.501984126984127]","[0.09722222222222222, 0.11706349206349206, 0.07341269841269842]","[5, 2, 6]","['king', 'ten', 'ace']",378,jpg
256,IMG_2657.JPG,504,"[0.2777777777777778, 0.4417989417989418, 0.7063492063492064]","[0.10582010582010581, 0.26455026455026454, 0.42328042328042326]","[0.9007936507936508, 0.8591269841269841, 0.8432539682539683]","[0.5873015873015873, 0.5575396825396826, 0.5396825396825397]","[5, 5, 2]","['king', 'king', 'ten']",378,jpg
257,IMG_2658.JPG,504,"[0.9021164021164021, 0.4656084656084656]","[0.43915343915343913, 0.12698412698412698]","[0.5555555555555556, 0.5992063492063492]","[0.13095238095238096, 0.15674603174603174]","[1, 3]","['nine', 'jack']",378,jpg
258,IMG_2659.JPG,504,"[0.7354497354497355, 0.37037037037037035]","[0.23015873015873015, 0.04497354497354497]","[0.626984126984127, 0.6547619047619048]","[0.16468253968253968, 0.23214285714285715]","[5, 6]","['king', 'ace']",378,jpg
259,IMG_2660.JPG,504,"[0.6243386243386243, 0.9735449735449735]","[0.3201058201058201, 0.4656084656084656]","[0.6388888888888888, 0.6666666666666666]","[0.2361111111111111, 0.21031746031746032]","[6, 2]","['ace', 'ten']",378,jpg
260,IMG_2661.JPG,504,"[0.5925925925925926, 0.9312169312169312]","[0.07936507936507936, 0.3439153439153439]","[0.6765873015873016, 0.7797619047619048]","[0.19444444444444445, 0.25793650793650796]","[1, 4]","['nine', 'queen']",378,jpg
261,IMG_2663.JPG,504,"[0.8412698412698413, 0.46825396825396826]","[0.41798941798941797, 0.026455026455026454]","[0.748015873015873, 0.8551587301587301]","[0.375, 0.4444444444444444]","[3, 1]","['jack', 'nine']",378,jpg
262,IMG_2664.JPG,504,"[0.7619047619047619, 0.3333333333333333]","[0.32275132275132273, 0.14814814814814814]","[0.7301587301587301, 0.7619047619047619]","[0.29563492063492064, 0.3253968253968254]","[3, 6]","['jack', 'ace']",378,jpg
263,IMG_2665.JPG,504,"[0.9603174603174603, 0.5079365079365079]","[0.4894179894179894, 0.10317460317460317]","[0.7420634920634921, 0.7956349206349206]","[0.2777777777777778, 0.3412698412698413]","[2, 4]","['ten', 'queen']",378,jpg
264,IMG_2666.JPG,504,"[0.544973544973545, 0.8492063492063492]","[0.15079365079365079, 0.5079365079365079]","[0.9007936507936508, 0.8194444444444444]","[0.5059523809523809, 0.4742063492063492]","[4, 6]","['queen', 'ace']",378,jpg
265,IMG_2667.JPG,504,"[0.43386243386243384, 0.753968253968254]","[0.20899470899470898, 0.4365079365079365]","[0.6765873015873016, 0.6884920634920635]","[0.3412698412698413, 0.35119047619047616]","[6, 2]","['ace', 'ten']",378,jpg
266,IMG_2668.JPG,504,"[0.4656084656084656, 0.8888888888888888]","[0.25396825396825395, 0.4523809523809524]","[0.7142857142857143, 0.7341269841269841]","[0.2916666666666667, 0.2896825396825397]","[2, 3]","['ten', 'jack']",378,jpg
267,IMG_2669.JPG,504,"[0.9576719576719577, 0.6031746031746031, 0.3333333333333333]","[0.5291005291005291, 0.30158730158730157, 0.05291005291005291]","[0.8075396825396826, 0.8194444444444444, 0.8214285714285714]","[0.4166666666666667, 0.43253968253968256, 0.4365079365079365]","[3, 3, 1]","['jack', 'jack', 'nine']",378,jpg
268,IMG_2671.JPG,504,"[0.91005291005291, 0.6428571428571429, 0.36507936507936506]","[0.5211640211640212, 0.2830687830687831, 0.0582010582010582]","[0.9285714285714286, 0.876984126984127, 0.8412698412698413]","[0.5496031746031746, 0.5218253968253969, 0.498015873015873]","[4, 4, 5]","['queen', 'queen', 'king']",378,jpg
269,IMG_2672.JPG,504,"[0.7962962962962963, 0.5238095238095238]","[0.3968253968253968, 0.21957671957671956]","[0.8075396825396826, 0.7797619047619048]","[0.44642857142857145, 0.44047619047619047]","[1, 2]","['nine', 'ten']",378,jpg
270,IMG_2673.JPG,504,"[0.49206349206349204, 0.7936507936507936, 0.7751322751322751, 0.6693121693121693]","[0.1931216931216931, 0.37566137566137564, 0.47354497354497355, 0.22486772486772486]","[0.878968253968254, 0.9523809523809523, 0.3630952380952381, 0.4503968253968254]","[0.5198412698412699, 0.5496031746031746, 0.061507936507936505, 0.1130952380952381]","[1, 5, 5, 4]","['nine', 'king', 'king', 'queen']",378,jpg
271,IMG_2674.JPG,504,"[0.8148148148148148, 0.46296296296296297]","[0.4523809523809524, 0.08465608465608465]","[0.626984126984127, 0.5952380952380952]","[0.2361111111111111, 0.14087301587301587]","[6, 2]","['ace', 'ten']",378,jpg
272,IMG_2679.JPG,504,"[0.8650793650793651, 0.41798941798941797]","[0.31746031746031744, 0.1402116402116402]","[0.7678571428571429, 0.7579365079365079]","[0.23015873015873015, 0.25793650793650796]","[3, 4]","['jack', 'queen']",378,jpg
273,IMG_2680.JPG,504,"[0.8703703703703703, 0.4947089947089947]","[0.46296296296296297, 0.21693121693121692]","[0.9087301587301587, 0.8809523809523809]","[0.4861111111111111, 0.4642857142857143]","[1, 1]","['nine', 'nine']",378,jpg
274,IMG_2681.JPG,504,"[0.2857142857142857, 0.6296296296296297]","[0.07671957671957672, 0.2619047619047619]","[0.9107142857142857, 0.8432539682539683]","[0.5198412698412699, 0.49404761904761907]","[1, 2]","['nine', 'ten']",378,jpg
275,IMG_2682.JPG,504,"[0.9259259259259259, 0.4603174603174603]","[0.32275132275132273, 0.0873015873015873]","[0.8571428571428571, 0.8095238095238095]","[0.27380952380952384, 0.2718253968253968]","[6, 6]","['ace', 'ace']",378,jpg
276,IMG_2683.JPG,504,"[0.8915343915343915, 0.4021164021164021]","[0.37037037037037035, 0.15079365079365079]","[0.6567460317460317, 0.6309523809523809]","[0.125, 0.11706349206349206]","[3, 5]","['jack', 'king']",378,jpg
277,IMG_2684.JPG,504,"[0.36772486772486773, 0.7592592592592593]","[0.1455026455026455, 0.2804232804232804]","[0.8531746031746031, 0.9305555555555556]","[0.44246031746031744, 0.45634920634920634]","[5, 6]","['king', 'ace']",378,jpg
278,IMG_2685.JPG,504,"[0.9074074074074074, 0.455026455026455]","[0.34656084656084657, 0.13756613756613756]","[0.7261904761904762, 0.7559523809523809]","[0.20833333333333334, 0.3115079365079365]","[2, 5]","['ten', 'king']",378,jpg
279,IMG_2687.JPG,504,"[0.7328042328042328, 0.3439153439153439]","[0.30423280423280424, 0.14285714285714285]","[0.873015873015873, 0.9007936507936508]","[0.44246031746031744, 0.4603174603174603]","[6, 2]","['ace', 'ten']",378,jpg
280,IMG_2689.JPG,504,[0.7222222222222222],[0.24867724867724866],[0.7698412698412699],[0.2837301587301587],[6],['ace'],378,jpg
281,IMG_2690.JPG,504,[0.791005291005291],[0.2857142857142857],[0.7619047619047619],[0.24404761904761904],[5],['king'],378,jpg
282,IMG_2691.JPG,504,[0.791005291005291],[0.2566137566137566],[0.7956349206349206],[0.24404761904761904],[1],['nine'],378,jpg
283,IMG_2692.JPG,504,[0.7936507936507936],[0.2328042328042328],[0.8214285714285714],[0.2400793650793651],[5],['king'],378,jpg
284,IMG_2693.JPG,504,[0.8174603174603174],[0.24603174603174602],[0.8551587301587301],[0.26587301587301587],[3],['jack'],378,jpg
285,IMG_2694.JPG,504,[0.8015873015873016],[0.23544973544973544],[0.8234126984126984],[0.23214285714285715],[3],['jack'],378,jpg
286,IMG_2695.JPG,504,[0.8042328042328042],[0.1931216931216931],[0.8452380952380952],[0.21825396825396826],[5],['king'],378,jpg
287,IMG_2696.JPG,504,[0.8465608465608465],[0.18253968253968253],[0.8908730158730159],[0.20634920634920634],[1],['nine'],378,jpg
288,IMG_2697.JPG,504,[0.7857142857142857],[0.15079365079365079],[0.8690476190476191],[0.20833333333333334],[5],['king'],378,jpg
289,IMG_2698.JPG,504,[0.798941798941799],[0.21164021164021163],[0.8353174603174603],[0.2261904761904762],[1],['nine'],378,jpg
290,IMG_2699.JPG,504,[0.8412698412698413],[0.24603174603174602],[0.8472222222222222],[0.2222222222222222],[6],['ace'],378,jpg
291,IMG_2700.JPG,504,[0.8015873015873016],[0.19576719576719576],[0.8432539682539683],[0.20833333333333334],[6],['ace'],378,jpg
292,IMG_2701.JPG,504,[0.828042328042328],[0.1693121693121693],[0.8988095238095238],[0.20238095238095238],[3],['jack'],378,jpg
293,IMG_2702.JPG,504,[0.7671957671957672],[0.22486772486772486],[0.8313492063492064],[0.2638888888888889],[1],['nine'],378,jpg
294,IMG_2703.JPG,504,[0.7328042328042328],[0.21693121693121692],[0.8373015873015873],[0.30158730158730157],[6],['ace'],378,jpg
295,IMG_2704.JPG,504,[0.7962962962962963],[0.18518518518518517],[0.8452380952380952],[0.21825396825396826],[3],['jack'],378,jpg
